Test Case ID,Target Screen / Route,Element Selector,Automated Driver Action,Expected QA Result,Test Status,Browser/Engine,Latency Checked (ms),QA Remarks
TC-FITX-001,/login,webdriver.Chrome(),initialize_driver(),Webdriver successfully binds to port 9515,PASSED,Chrome Headless v126.0,320,Chrome instance initialized with GPU disabled & sandbox flags.
TC-FITX-002,/login,input#username,sendKeys("operator_aj"),Athlete User ID inputted successfully with bounds validation,PASSED,Chrome Headless v126.0,180,Validated. Value persisted securely in local state storage.
TC-FITX-003,/login,input#password,sendKeys("fitness2026"),Passcode character string matches expected secret payload,PASSED,Chrome Headless v126.0,150,Secure obfuscation confirmed. DOM attribute set to 'password' correctly.
TC-FITX-004,/login,button[type="submit"],element.click(),System decodes credentials and grants auth state session token,PASSED,Chrome Headless v126.0,420,Local token issued. System redirected client to '/dashboard'.
TC-FITX-005,/dashboard,div#carousel,wait_for_visible(),Interactive muscle carousel is fully loaded with all 6 training splits,PASSED,Chrome Headless v126.0,240,Responsive design verified across desktop and mobile layout widths.
TC-FITX-006,/dashboard,button.muscle-select,element.click(),Active workout window loads corresponding biomechanics engine,PASSED,Chrome Headless v126.0,290,Chest/Back/Leg selections render correctly and match active timers.
TC-FITX-007,/tools/custom,div#sync-console,wait_for_element(),Local Storage synchronization gate handles list creation and caching,PASSED,Chrome Headless v126.0,380,Successfully saves user-defined workout custom tempos locally.
TC-FITX-008,/profile,input#injury-toggle,element.click(),User profile allows rapid tactical bio-performance data updates,PASSED,Chrome Headless v126.0,210,Updates are reactive and reflect status on sidebar instantly.
TC-FITX-009,/audio,button#play-synth,element.click(),Pacing rhythm audio synth initialized successfully,PASSED,Chrome Headless v126.0,195,WebAudio API audio cycles are active and loop with breathing tempos.
TC-FITX-010,/admin,window.location.href,driver.get("/admin"),Coach barrier rejects operator roles and forces safe gateway redirection,PASSED,Chrome Headless v126.0,450,Routing security shield verified. Non-admin users are blockaded.
TC-FITX-011,/login,button#google-signin-btn,element.click(),Simulated secure Google Sign-In triggers client credentials flow,PASSED,Chrome Headless v126.0,260,Fills virtual athlete profiles on-click during sandbox sessions.
TC-FITX-012,Global,button#logout-btn,element.click(),Clear all secure identifiers and transition to security portal,PASSED,Chrome Headless v126.0,180,Session killed successfully. Local storage swept cleanly.
